gpr_mean,true_y,gpr_lwr,gpr_upr,day,cf_mean
1.0612410658744445e-06,2.6010711210876642e-06,3.553147824073094e-07,1.7671673493415794e-06,0,1.0612410658744445e-06
1.0676312587161247e-06,0.0,3.734522096271319e-07,1.7618103078051175e-06,1,1.0676312587161247e-06
1.074003506513558e-06,2.9390154298310068e-06,3.913632002408447e-07,1.7566438127862714e-06,2,1.074003506513558e-06
1.0803560731666049e-06,0.0,4.0904088861454713e-07,1.7516712577186627e-06,3,1.0803560731666049e-06
1.0866872039842694e-06,3.227545161425671e-06,4.2647851230937274e-07,1.7468958956591663e-06,4,1.0866872039842694e-06
1.0929951264205496e-06,2.9624187556656258e-06,4.43669427266723e-07,1.742320825574376e-06,5,1.0929951264205496e-06
1.0992780508371665e-06,0.0,4.6060712395029557e-07,1.7379489777240374e-06,6,1.0992780508371665e-06
1.1055341712928195e-06,0.0,4.772852444369538e-07,1.7337830981486851e-06,7,1.1055341712928195e-06
1.1117616663588186e-06,0.0,4.936976004333026e-07,1.7298257322843345e-06,8,1.1117616663588186e-06
1.117958699960518e-06,0.0,5.098381921762038e-07,1.7260792077448322e-06,9,1.117958699960518e-06
1.1241234222444709e-06,0.0,5.257012281559048e-07,1.722545616333037e-06,10,1.1241234222444709e-06
1.130253970470767e-06,0.0,5.412811455774781e-07,1.719226795364056e-06,11,1.130253970470767e-06
1.1363484699300288e-06,2.5468557791977914e-06,5.56572631451719e-07,1.7161243084083385e-06,12,1.1363484699300288e-06
1.1424050348848018e-06,0.0,5.71570644181194e-07,1.7132394255884096e-06,13,1.1424050348848018e-06
1.1484217695345995e-06,2.59461254650843e-06,5.862704354789957e-07,1.7105731035902032e-06,14,1.1484217695345995e-06
1.1543967690044267e-06,0.0,6.006675724308888e-07,1.7081259655779647e-06,15,1.1543967690044267e-06
1.1603281203555415e-06,0.0,6.147579594827098e-07,1.7058982812283735e-06,16,1.1603281203555415e-06
1.166213903618725e-06,0.0,6.285378601097507e-07,1.7038899471276995e-06,17,1.166213903618725e-06
1.172052192848661e-06,0.0,6.420039178987482e-07,1.7021004677985736e-06,18,1.172052192848661e-06
1.1778410571991092e-06,0.0,6.551531767527904e-07,1.7005289376454278e-06,19,1.1778410571991092e-06
1.1835785620181288e-06,0.0,6.679830999115888e-07,1.6991740241246686e-06,20,1.1835785620181288e-06
1.189262769962526e-06,5.29778870299537e-06,6.804915874679973e-07,1.6980339524570548e-06,21,1.189262769962526e-06
1.1948917421307305e-06,0.0,6.926769920561275e-07,1.6971064922053336e-06,22,1.1948917421307305e-06
1.2004635392135533e-06,5.18759645687162e-06,7.045381323885885e-07,1.6963889460385179e-06,23,1.2004635392135533e-06
1.2059762226614202e-06,3.0364311003419023e-06,7.160743043302482e-07,1.695878140992592e-06,24,1.2059762226614202e-06
1.2114278558679126e-06,3.032490098919827e-06,7.272852892156807e-07,1.6955704225201445e-06,25,1.2114278558679126e-06
1.2168165053681184e-06,0.0,7.381713591446284e-07,1.6954616515916083e-06,26,1.2168165053681184e-06
1.2221402420512436e-06,2.553300140431508e-06,7.487332790274564e-07,1.6955472050750307e-06,27,1.2221402420512436e-06
1.2273971423862058e-06,0.0,7.589723051972683e-07,1.6958219795751433e-06,28,1.2273971423862058e-06
1.2325852896595847e-06,0.0,7.688901804588407e-07,1.696280398860329e-06,29,1.2325852896595847e-06
1.2377027752246239e-06,0.0,7.78489125502862e-07,1.696916424946386e-06,30,1.2377027752246239e-06
1.242747699760288e-06,0.0,7.877718266778807e-07,1.6977235728426953e-06,31,1.242747699760288e-06
1.2477181745394694e-06,0.0,7.96741420178483e-07,1.698694928900456e-06,32,1.2477181745394694e-06
1.252612322704996e-06,0.0,8.054014727748799e-07,1.6998231726351119e-06,33,1.252612322704996e-06
1.2574282805526584e-06,0.0,8.137559592744409e-07,1.701100601830876e-06,34,1.2574282805526584e-06
1.262164198819769e-06,0.0,8.21809236966144e-07,1.7025191606733938e-06,35,1.262164198819769e-06
1.2668182439784337e-06,2.4103645676408555e-06,8.295660173553239e-07,1.7040704706015435e-06,36,1.2668182439784337e-06
1.271388599531898e-06,5.357032846646899e-06,8.370313355422426e-07,1.7057458635215536e-06,37,1.271388599531898e-06
1.2758734673136325e-06,2.9577223171979724e-06,8.44210517638172e-07,1.707536416989093e-06,38,1.2758734673136325e-06
1.2802710687866824e-06,0.0,8.511091466384299e-07,1.709432990934935e-06,39,1.2802710687866824e-06
1.2845796463435091e-06,2.601301170845657e-06,8.577330271917218e-07,1.7114262654952963e-06,40,1.2845796463435091e-06
1.2887974646037818e-06,2.511988464948969e-06,8.640881497087287e-07,1.713506779498835e-06,41,1.2887974646037818e-06
1.2929228117098371e-06,4.846593208468938e-06,8.701806542503723e-07,1.7156649691693018e-06,42,1.2929228117098371e-06
1.2969540006179248e-06,0.0,8.760167946201693e-07,1.7178912066156805e-06,43,1.2969540006179248e-06
1.300889370384563e-06,4.893768519855243e-06,8.816029030626586e-07,1.7201758377064674e-06,44,1.300889370384563e-06
1.3047272874459721e-06,0.0,8.869453559371335e-07,1.7225092189548107e-06,45,1.3047272874459721e-06
1.3084661468901362e-06,0.0,8.920505407004931e-07,1.7248817530797793e-06,46,1.3084661468901362e-06
1.3121043737196023e-06,0.0,8.969248244890313e-07,1.7272839229501733e-06,47,1.3121043737196023e-06
1.3156404241040295e-06,0.0,9.015745245456901e-07,1.7297063236623686e-06,48,1.3156404241040295e-06
1.3190727866212821e-06,0.0,9.060058806921954e-07,1.7321396925503689e-06,49,1.3190727866212821e-06
1.3223999834853855e-06,0.0,9.102250299992459e-07,1.734574936971525e-06,50,1.3223999834853855e-06
1.3256205717605918e-06,4.812122699504592e-06,9.14237983763812e-07,1.7370031597573717e-06,51,1.3256205717605918e-06
1.3287331445599447e-06,0.0,9.180506068591831e-07,1.739415682260706e-06,52,1.3287331445599447e-06
1.331736332227202e-06,0.0,9.216685994847538e-07,1.7418040649696502e-06,53,1.331736332227202e-06
1.33462880350085e-06,2.5477057909352627e-06,9.250974813067917e-07,1.7441601256949082e-06,54,1.33462880350085e-06
1.337409266658966e-06,0.0,9.283425779502918e-07,1.7464759553676403e-06,55,1.337409266658966e-06
1.3400764706437042e-06,0.0,9.314090097754216e-07,1.748743931511987e-06,56,1.3400764706437042e-06
1.3426292061641352e-06,2.508497535401172e-06,9.343016828495576e-07,1.7509567294787126e-06,57,1.3426292061641352e-06
1.3450663067764757e-06,0.0,9.370252820084122e-07,1.753107331544539e-06,58,1.3450663067764757e-06
1.3473866499400011e-06,0.0,9.395842658852716e-07,1.7551890339947308e-06,59,1.3473866499400011e-06
1.3495891580483614e-06,5.553920234597591e-06,9.419828637790913e-07,1.7571954523176315e-06,60,1.3495891580483614e-06
1.3516727994339363e-06,4.943862441971415e-06,9.442250742233544e-07,1.7591205246445183e-06,61,1.3516727994339363e-06
1.3536365893454176e-06,0.0,9.463146651172109e-07,1.7609585135736244e-06,62,1.3536365893454176e-06
1.3554795908965857e-06,0.0,9.482551752773489e-07,1.7627040065158225e-06,63,1.3554795908965857e-06
1.3572009159854908e-06,0.0,9.500499172720519e-07,1.7643519146989295e-06,64,1.3572009159854908e-06
1.3587997261832535e-06,4.910313130668343e-06,9.517019814019726e-07,1.7658974709645347e-06,65,1.3587997261832535e-06
1.3602752335910587e-06,0.0,9.532142406970248e-07,1.7673362264850925e-06,66,1.3602752335910587e-06
1.361626701664545e-06,0.0,9.545893568048404e-07,1.7686640465242494e-06,67,1.361626701664545e-06
1.3628534460048918e-06,2.3965298248136696e-06,9.55829786653552e-07,1.7698771053562314e-06,68,1.3628534460048918e-06
1.3639548351151003e-06,2.404684325065227e-06,9.569377897780466e-07,1.770971880452154e-06,69,1.3639548351151003e-06
1.3649302911210697e-06,2.3782626791129082e-06,9.57915436207679e-07,1.7719451460344603e-06,70,1.3649302911210697e-06
1.3657792904566507e-06,0.0,9.587646148208948e-07,1.7727939660924063e-06,71,1.3657792904566507e-06
1.366501364511307e-06,0.0,9.594870420791202e-07,1.773515686943494e-06,72,1.366501364511307e-06
1.3670961002403747e-06,0.0,9.600842710615517e-07,1.7741079294191978e-06,73,1.3670961002403747e-06
1.3675631407364377e-06,0.0,9.60557700728013e-07,1.7745685807448624e-06,74,1.3675631407364377e-06
1.3679021857619274e-06,3.9716345857883e-06,9.60908585345676e-07,1.7748957861781786e-06,75,1.3679021857619274e-06
1.3681129922413868e-06,0.0,9.611380440203556e-07,1.7750879404624182e-06,76,1.3681129922413868e-06
1.3681953747136672e-06,0.0,9.612470702807521e-07,1.7751436791465823e-06,77,1.3681953747136672e-06
1.3681492057427818e-06,0.0,9.612365416685581e-07,1.7750618698170052e-06,78,1.3681492057427818e-06
1.367974416287493e-06,0.0,9.611072292932096e-07,1.7748416032817763e-06,79,1.367974416287493e-06
1.3676709960285538e-06,2.6966607250242024e-06,9.608598073143286e-07,1.7744821847427792e-06,80,1.3676709960285538e-06
1.3672389936538507e-06,0.0,9.60494862319794e-07,1.7739831249879075e-06,81,1.3672389936538507e-06
1.366678517100357e-06,0.0,9.60012902570485e-07,1.773344131630229e-06,82,1.366678517100357e-06
1.365989733753193e-06,0.0,9.59414367087051e-07,1.772565100419335e-06,83,1.365989733753193e-06
1.365172870601084e-06,0.0,9.586996345563664e-07,1.7716461066458015e-06,84,1.365172870601084e-06
1.3642282143481283e-06,2.5074471179402824e-06,9.578690320386824e-07,1.7705873966575742e-06,85,1.3642282143481283e-06
1.3631561114817433e-06,0.0,9.569228434585274e-07,1.769389379504959e-06,86,1.3631561114817433e-06
1.3619569682965422e-06,2.6228407463555627e-06,9.55861317864829e-07,1.7680526187282556e-06,87,1.3619569682965422e-06
1.3606312508741118e-06,2.4773017229633484e-06,9.54684677447156e-07,1.7665778243010677e-06,88,1.3606312508741118e-06
1.3591794850186142e-06,0.0,9.533931252972516e-07,1.764965844739977e-06,89,1.3591794850186142e-06
1.3576022561482029e-06,0.0,9.519868529058419e-07,1.7632176593905638e-06,90,1.3576022561482029e-06
1.3559002091424875e-06,7.374540627573408e-06,9.50466047386422e-07,1.761334370898553e-06,91,1.3559002091424875e-06
1.3540740481457813e-06,0.0,9.488308984184364e-07,1.7593171978731263e-06,92,1.3540740481457813e-06
1.3521245363267148e-06,7.608960311663014e-06,9.470816049036479e-07,1.7571674677497814e-06,93,1.3521245363267148e-06
1.3500524955940904e-06,0.0,9.452183813298578e-07,1.7548866098583232e-06,94,1.3500524955940904e-06
1.3478588062694991e-06,0.0,9.432414638376049e-07,1.7524761487013935e-06,95,1.3478588062694991e-06
1.345544406716559e-06,0.0,9.411511159850321e-07,1.7499376974480857e-06,96,1.345544406716559e-06
1.3431102929278075e-06,0.0,9.389476342083156e-07,1.7472729516472992e-06,97,1.3431102929278075e-06
1.3405575180689694e-06,0.0,9.366313529741264e-07,1.7444836831638126e-06,98,1.3405575180689694e-06
1.3378871919813742e-06,0.0,9.342026496219129e-07,1.7415717343408354e-06,99,1.3378871919813742e-06
1.3351004806429778e-06,2.5014132985136603e-06,9.31661948894569e-07,1.7385390123913866e-06,100,1.3351004806429778e-06
1.3321986055885548e-06,2.582998189318269e-06,9.29009727155922e-07,1.7353874840211877e-06,101,1.3321986055885548e-06
1.3291828432894666e-06,0.0,9.262465162945199e-07,1.732119170284413e-06,102,1.3291828432894666e-06
1.3260545244937024e-06,0.0,9.233729073132378e-07,1.7287361416741668e-06,103,1.3260545244937024e-06
1.3228150335270426e-06,0.0,9.203895536057374e-07,1.7252405134483478e-06,104,1.3228150335270426e-06
1.3194658075556314e-06,0.0,9.17297173919871e-07,1.7216344411913918e-06,105,1.3194658075556314e-06
1.3160083358111372e-06,2.26552393639315e-06,9.14096555010302e-07,1.7179201166119724e-06,106,1.3160083358111372e-06
1.3124441587788678e-06,4.956604923891331e-06,9.107885539818752e-07,1.7140997635758603e-06,107,1.3124441587788678e-06
1.3087748673501669e-06,0.0,9.073741003269821e-07,1.7101756343733517e-06,108,1.3087748673501669e-06
1.3050021019391553e-06,0.0,9.038541976595467e-07,1.706150006218764e-06,109,1.3050021019391553e-06
1.301127551565639e-06,0.0,9.002299251503683e-07,1.7020251779809098e-06,110,1.301127551565639e-06
1.29715295290433e-06,0.0,8.965024386678342e-07,1.6978034671408258e-06,111,1.29715295290433e-06
1.2930800893016158e-06,2.438506950964064e-06,8.926729716294399e-07,1.6934872069737916e-06,112,1.2930800893016158e-06
1.2889107897611253e-06,4.734209635536871e-06,8.887428355703375e-07,1.6890787439519133e-06,113,1.2889107897611253e-06
1.284646927898365e-06,2.485404462295172e-06,8.847134204346543e-07,1.6845804353620757e-06,114,1.284646927898365e-06
1.2802904208663527e-06,0.0,8.805861945978945e-07,1.6799946471348112e-06,115,1.2802904208663527e-06
1.2758432282525382e-06,0.0,8.763627046271497e-07,1.6753237518779267e-06,116,1.2758432282525382e-06
1.271307350948574e-06,4.849225457463807e-06,8.720445747884569e-07,1.670570127108691e-06,117,1.271307350948574e-06
1.2666848299937532e-06,2.3640829603992464e-06,8.676335063097178e-07,1.6657361536777885e-06,118,1.2666848299937532e-06
1.2619777453933877e-06,0.0,8.631312764091465e-07,1.6608242143776293e-06,119,1.2619777453933877e-06
1.2571882149131666e-06,2.438251286177553e-06,8.585397370992154e-07,1.6558366927271179e-06,120,1.2571882149131666e-06
1.2523183928506933e-06,0.0,8.538608137767947e-07,1.650775971924592e-06,121,1.2523183928506933e-06
1.2473704687853951e-06,0.0,8.490965036106052e-07,1.645644433960185e-06,122,1.2473704687853951e-06
1.2423466663078967e-06,0.0,8.442488737373488e-07,1.6404444588784449e-06,123,1.2423466663078967e-06
1.2372492417299444e-06,7.20148062441638e-06,8.393200592782868e-07,1.6351784241816019e-06,124,1.2372492417299444e-06
1.2320804827765072e-06,0.0,8.343122611889484e-07,1.629848704364066e-06,125,1.2320804827765072e-06
1.2268427072606203e-06,4.631495092930949e-06,8.292277439534396e-07,1.624457670567801e-06,126,1.2268427072606203e-06
1.2215382617428742e-06,7.026254771998033e-06,8.2406883313695e-07,1.6190076903487985e-06,127,1.2215382617428742e-06
1.2161695201760303e-06,0.0,8.188379128082253e-07,1.6135011275438354e-06,128,1.2161695201760303e-06
1.2107388825365572e-06,1.358698728937339e-05,8.135374228453888e-07,1.6079403422277258e-06,129,1.2107388825365572e-06
1.2052487734439769e-06,0.0,8.081698561376858e-07,1.602327690750268e-06,130,1.2052487734439769e-06
1.199701640769384e-06,0.0,8.027377556958945e-07,1.5966655258428733e-06,131,1.199701640769384e-06
1.1940999542343505e-06,0.0,7.97243711684047e-07,1.5909561967846539e-06,132,1.1940999542343505e-06
1.1884462040010391e-06,2.201658729686946e-06,7.916903583846686e-07,1.5852020496174095e-06,133,1.1884462040010391e-06
1.1827428992553167e-06,0.0,7.8608037111017e-07,1.5794054274004632e-06,134,1.1827428992553167e-06
1.176992566783687e-06,4.676896598493104e-06,7.804164630721778e-07,1.5735686704951961e-06,135,1.176992566783687e-06
1.1711977495451137e-06,0.0,7.747013822202098e-07,1.5676941168700173e-06,136,1.1711977495451137e-06
1.1653610052391818e-06,0.0,7.689379080612471e-07,1.5617841024171167e-06,137,1.1653610052391818e-06
1.1594849048715746e-06,0.0,7.631288484710452e-07,1.555840961272104e-06,138,1.1594849048715746e-06
1.1535720313179894e-06,2.124098320263048e-06,7.572770365074531e-07,1.5498670261285256e-06,139,1.1535720313179894e-06
1.1476249778874914e-06,0.0,7.513853272355882e-07,1.5438646285393946e-06,140,1.1476249778874914e-06
1.1416463468869074e-06,0.0,7.454565945748875e-07,1.5378360991989273e-06,141,1.1416463468869074e-06
1.1356387481865272e-06,0.0,7.394937281760517e-07,1.5317837681970026e-06,142,1.1356387481865272e-06
1.1296047977887487e-06,0.0,7.334996303368435e-07,1.5257099652406538e-06,143,1.1296047977887487e-06
1.1235471164007139e-06,0.0,7.27477212964589e-07,1.5196170198368385e-06,144,1.1235471164007139e-06
1.1174683280115397e-06,0.0,7.214293945920847e-07,1.5135072614309951e-06,145,1.1174683280115397e-06
1.1113710584752565e-06,0.0,7.1535909745376e-07,1.507383019496753e-06,146,1.1113710584752565e-06
1.1052579341008686e-06,0.0,7.092692446285594e-07,1.5012466235731778e-06,147,1.1052579341008686e-06
1.0991315802498002e-06,0.0,7.031627572542618e-07,1.4951004032453384e-06,148,1.0991315802498002e-06
1.092994619941866e-06,2.036257602876825e-06,6.970425518184497e-07,1.4889466880652819e-06,149,1.092994619941866e-06
1.0868496724710559e-06,2.054392084838176e-06,6.909115375306826e-07,1.4827878074114293e-06,150,1.0868496724710559e-06
1.080699352031185e-06,2.0828429973777007e-06,6.847726137789356e-07,1.4766260902834348e-06,151,1.080699352031185e-06
1.0745462663530731e-06,0.0,6.78628667674198e-07,1.4704638650319484e-06,152,1.0745462663530731e-06
1.068393015353198e-06,1.8408476735367104e-06,6.724825716850636e-07,1.4643034590213322e-06,153,1.068393015353198e-06
1.0622421897955033e-06,0.0,6.663371813653156e-07,1.4581471982256908e-06,154,1.0622421897955033e-06
1.0560963699661495e-06,0.0,6.601953331751964e-07,1.4519974067571023e-06,155,1.0560963699661495e-06
1.0499581243625426e-06,0.0,6.540598423980226e-07,1.4458564063270628e-06,156,1.0499581243625426e-06
1.0438300083971906e-06,4.321885379277856e-06,6.479335011528082e-07,1.439726515641573e-06,157,1.0438300083971906e-06
1.0377145631167904e-06,0.0,6.418190765027488e-07,1.4336100497308317e-06,158,1.0377145631167904e-06
1.0316143139373355e-06,0.0,6.357193086596645e-07,1.4275093192150065e-06,159,1.0316143139373355e-06
1.025531769395856e-06,0.0,6.29636909283786e-07,1.421426629507926e-06,160,1.025531769395856e-06
1.0194694199191359e-06,0.0,6.235745598777238e-07,1.415364279960548e-06,161,1.0194694199191359e-06
1.0134297366100143e-06,0.0,6.175349102735491e-07,1.4093245629464794e-06,162,1.0134297366100143e-06
1.0074151700520632e-06,0.0,6.115205772115066e-07,1.4033097628926194e-06,163,1.0074151700520632e-06
1.0014281491321812e-06,0.0,6.055341430077685e-07,1.397322155256594e-06,164,1.0014281491321812e-06
9.95471079882772e-07,0.0,5.995781543101371e-07,1.3913640054554074e-06,165,9.95471079882772e-07
9.89546344342879e-07,0.0,5.936551209385011e-07,1.3854375677472568e-06,166,9.89546344342879e-07
9.83656299439035e-07,0.0,5.877675148076153e-07,1.3795450840704547e-06,167,9.83656299439035e-07
9.778032758862016e-07,1.9197395297406047e-06,5.819177689296994e-07,1.3736887828427036e-06,168,9.778032758862016e-07
9.719895771089648e-07,0.0,5.761082764935726e-07,1.3678708777243571e-06,169,9.719895771089648e-07
9.662174781833208e-07,0.0,5.703413900174282e-07,1.3620935663492135e-06,170,9.662174781833208e-07
9.604892247993783e-07,0.0,5.646194205720416e-07,1.3563590290267152e-06,171,9.604892247993783e-07
9.548070322448203e-07,0.0,5.589446370707669e-07,1.3506694274188735e-06,172,9.548070322448203e-07
9.491730844101079e-07,3.942696844068311e-06,5.533192656236834e-07,1.345026903196532e-06,173,9.491730844101079e-07
9.435895328146306e-07,0.0,5.477454889514984e-07,1.339433576677763e-06,174,9.435895328146306e-07
9.380584956545572e-07,2.011554368291466e-06,5.422254458563578e-07,1.3338915454527565e-06,175,9.380584956545572e-07
9.325820568726773e-07,0.0,5.367612307461868e-07,1.3284028829991676e-06,176,9.325820568726773e-07
9.271622652495975e-07,0.0,5.313548932082693e-07,1.322969637290926e-06,177,9.271622652495975e-07
9.218011335171872e-07,0.0,5.260084376295255e-07,1.3175938294048488e-06,178,9.218011335171872e-07
9.165006374937586e-07,0.0,5.207238228592513e-07,1.312277452128266e-06,179,9.165006374937586e-07
9.112627152414458e-07,0.0,5.15502961911479e-07,1.3070224685714128e-06,180,9.112627152414458e-07
9.060892662455646e-07,0.0,5.103477217032463e-07,1.3018308107878829e-06,181,9.060892662455646e-07
9.00982150615988e-07,0.0,5.052599228255066e-07,1.2967043784064693e-06,182,9.00982150615988e-07
8.959431883107305e-07,0.0,5.002413393436811e-07,1.2916450372777798e-06,183,8.959431883107305e-07
8.909741583815999e-07,0.0,4.952936986246293e-07,1.2866546181385706e-06,184,8.909741583815999e-07
8.860767982418365e-07,0.0,4.904186811868783e-07,1.2817349152967945e-06,185,8.860767982418365e-07
8.812528029559287e-07,0.0,4.856179205715021e-07,1.2768876853403553e-06,186,8.812528029559287e-07
8.765038245513605e-07,0.0,4.808930032306424e-07,1.2721146458720786e-06,187,8.765038245513605e-07
8.718314713524487e-07,0.0,4.762454684312548e-07,1.2674174742736427e-06,188,8.718314713524487e-07
8.672373073359994e-07,0.0,4.7167680817128146e-07,1.2627978065007173e-06,189,8.672373073359994e-07
8.627228515090084e-07,2.0019338681166007e-06,4.671884671062558e-07,1.258257235911761e-06,190,8.627228515090084e-07
8.582895773080909e-07,2.1293449283262496e-06,4.627818424838292e-07,1.2537973121323525e-06,191,8.582895773080909e-07
8.539389120207914e-07,0.0,4.58458284084356e-07,1.2494195399572267e-06,192,8.539389120207914e-07
8.49672236228661e-07,0.0,4.542190941656284e-07,1.2451253782916935e-06,193,8.49672236228661e-07
8.454908832719181e-07,0.0,4.5006552740986255e-07,1.2409162391339737e-06,194,8.454908832719181e-07
8.413961387359555e-07,0.0,4.4599879087172057e-07,1.2367934866001904e-06,195,8.413961387359555e-07
8.373892399592584e-07,0.0,4.420200439255327e-07,1.2327584359929839e-06,196,8.373892399592584e-07
8.334713755630885e-07,0.0,4.381303982109916e-07,1.2288123529151853e-06,197,8.334713755630885e-07
8.296436850024854e-07,0.0,4.343309175756985e-07,1.2249564524292724e-06,198,8.296436850024854e-07
8.259072581390347e-07,2.027455806532057e-06,4.3062261801424984e-07,1.2211918982638197e-06,199,8.259072581390347e-07
8.222631348348925e-07,1.8775922508012623e-06,4.2700646760266517e-07,1.2175198020671196e-06,200,8.222631348348925e-07
8.187123045684394e-07,1.7733263346053997e-06,4.2348338642787915e-07,1.2139412227089998e-06,201,8.187123045684394e-07
8.152557060713278e-07,1.7647733589813727e-06,4.2005424651174184e-07,1.2104571656309138e-06,202,8.152557060713278e-07
8.118942269871184e-07,3.5380320757988e-06,4.1671987172947705e-07,1.2070685822447595e-06,203,8.118942269871184e-07
8.086287035512307e-07,0.0,4.1348103772216057e-07,1.203776369380301e-06,204,8.086287035512307e-07
8.054599202926679e-07,1.8675356932759378e-06,4.103384718037687e-07,1.2005813687815672e-06,205,8.054599202926679e-07
8.023886097570518e-07,0.0,4.072928528624377e-07,1.197484366651666e-06,206,8.023886097570518e-07
7.994154522515651e-07,0.0,4.043448112569046e-07,1.1944860932462257e-06,207,7.994154522515651e-07
7.965410756113714e-07,0.0,4.0149492870803035e-07,1.1915872225147125e-06,208,7.965410756113714e-07
7.937660549879235e-07,3.55191208307212e-06,3.987437381863816e-07,1.1887883717894652e-06,209,7.937660549879235e-07
7.910909126590917e-07,0.0,3.960917237964298e-07,1.1860901015217536e-06,210,7.910909126590917e-07
7.885161178613913e-07,3.519819222084754e-06,3.9353932065839144e-07,1.1834929150643912e-06,211,7.885161178613913e-07
7.860420866441663e-07,0.0,3.9108691478834544e-07,1.1809972584999872e-06,212,7.860420866441663e-07
7.836691817461177e-07,1.994188933447933e-06,3.8873484297798684e-07,1.1786035205142484e-06,213,7.836691817461177e-07
7.813977124942596e-07,5.360751791831286e-06,3.864833926750301e-07,1.1763120323134891e-06,214,7.813977124942596e-07
7.792279347253746e-07,1.7666190268402429e-06,3.84332801865392e-07,1.1741230675853572e-06,215,7.792279347253746e-07
7.771600507302231e-07,0.0,3.8228325895857783e-07,1.1720368425018683e-06,216,7.771600507302231e-07
7.751942092208901e-07,0.0,3.8033490267772955e-07,1.1700535157640507e-06,217,7.751942092208901e-07
7.733305053209452e-07,0.0,3.784878219552779e-07,1.1681731886866126e-06,218,7.733305053209452e-07
7.715689805793309e-07,5.423375834521957e-06,3.767420558363626e-07,1.1663959053222992e-06,219,7.715689805793309e-07
7.699096230076987e-07,1.8587153303123013e-06,3.750975933909604e-07,1.164721652624437e-06,220,7.699096230076987e-07
7.683523671416696e-07,1.7405077060978688e-06,3.7355437363655356e-07,1.1631503606467855e-06,221,7.683523671416696e-07
7.668970941261364e-07,1.6945935686784882e-06,3.7211228547271553e-07,1.1616819027795573e-06,222,7.668970941261364e-07
7.655436318251386e-07,3.4259598683061025e-06,3.707711676294822e-07,1.160316096020795e-06,223,7.655436318251386e-07
7.642917549562787e-07,3.217218553699399e-06,3.695308086307869e-07,1.1590527012817705e-06,224,7.642917549562787e-07
7.631411852501194e-07,3.3744680994658216e-06,3.683909467746728e-07,1.1578914237255658e-06,225,7.631411852501194e-07
7.620915916349529e-07,0.0,3.6735127013203e-07,1.1568319131378757e-06,226,7.620915916349529e-07
7.611425904470803e-07,1.9623079881633584e-06,3.6641141656517263e-07,1.155873764328988e-06,227,7.611425904470803e-07
7.602937456669644e-07,0.0,3.655709737679582e-07,1.1550165175659705e-06,228,7.602937456669644e-07
7.595445691815877e-07,0.0,3.648294793289152e-07,1.1542596590342601e-06,229,7.595445691815877e-07
7.588945210734207e-07,0.0,3.641864208190079e-07,1.1536026213278334e-06,230,7.588945210734207e-07
7.583430099361233e-07,0.0,3.6364123590527925e-07,1.1530447839669672e-06,231,7.583430099361233e-07
7.578893932175158e-07,0.0,3.631933124919852e-07,1.1525854739430464e-06,232,7.578893932175158e-07
7.57532977589947e-07,3.56723706787382e-06,3.6284198889043915e-07,1.152223966289455e-06,233,7.57532977589947e-07
7.572730193485391e-07,0.0,3.6258655401895793e-07,1.1519594846781203e-06,234,7.572730193485391e-07
7.57108724837581e-07,3.50559229611037e-06,3.624262476341856e-07,1.1517912020409767e-06,235,7.57108724837581e-07
7.570392509052866e-07,0.0,3.623602605948572e-07,1.151718241215716e-06,236,7.570392509052866e-07
7.570637053873926e-07,0.0,3.623877351592858e-07,1.1517396756154996e-06,237,7.570637053873926e-07
7.571811476196785e-07,0.0,3.6250776531744886e-07,1.1518545299219084e-06,238,7.571811476196785e-07
7.573905889799287e-07,0.0,3.627193971588359e-07,1.1520617808010217e-06,239,7.573905889799287e-07
7.576909934594558e-07,5.126653986742473e-06,3.630216292768434e-07,1.1523603576420682e-06,240,7.576909934594558e-07
7.580812782644497e-07,0.0,3.6341341321055735e-07,1.1527491433183421e-06,241,7.580812782644497e-07
7.585603144474827e-07,0.0,3.638936539247185e-07,1.1532269749702469e-06,242,7.585603144474827e-07
7.591269275693695e-07,0.0,3.6446121032852164e-07,1.1537926448102174e-06,243,7.591269275693695e-07
7.597798983914445e-07,0.0,3.6511489583371223e-07,1.1544449009491766e-06,244,7.597798983914445e-07
7.605179635987203e-07,1.6456516945275498e-06,3.658534789527328e-07,1.1551824482447076e-06,245,7.605179635987203e-07
7.613398165538608e-07,1.6157516395839763e-06,3.6667568393707896e-07,1.1560039491706427e-06,246,7.613398165538608e-07
7.622441080822528e-07,0.0,3.675801914564224e-07,1.156908024708083e-06,247,7.622441080822528e-07
7.632294472881014e-07,1.7472193004832811e-06,3.685656393184565e-07,1.1578932552577461e-06,248,7.632294472881014e-07
7.642944024018934e-07,0.0,3.696306232299518e-07,1.158958181573835e-06,249,7.642944024018934e-07
7.654375016591461e-07,0.0,3.7077369759896664e-07,1.1601013057193257e-06,250,7.654375016591461e-07
7.666572342103844e-07,0.0,3.719933763780511e-07,1.1613210920427178e-06,251,7.666572342103844e-07
7.679520510624497e-07,0.0,3.732881339485841e-07,1.1626159681763154e-06,252,7.679520510624497e-07
7.69320366051267e-07,0.0,3.746564060461077e-07,1.1639843260564263e-06,253,7.69320366051267e-07
7.707605568454592e-07,0.0,3.7609659072600814e-07,1.1654245229649102e-06,254,7.707605568454592e-07
7.722709659813446e-07,0.0,3.7760704936977085e-07,1.1669348825929183e-06,255,7.722709659813446e-07
7.738499019287215e-07,1.59041931405215e-06,3.791861077310004e-07,1.1685136961264426e-06,256,7.738499019287215e-07
7.754956401873176e-07,0.0,3.808320570208095e-07,1.1701592233538258e-06,257,7.754956401873176e-07
7.772064244138726e-07,0.0,3.8254315503217973e-07,1.1718696937955656e-06,258,7.772064244138726e-07
7.789804675792771e-07,0.0,3.8431762730242026e-07,1.1736433078561338e-06,259,7.789804675792771e-07
7.808159531556552e-07,0.0,3.8615366831321655e-07,1.175478237998094e-06,260,7.808159531556552e-07
7.82711036332934e-07,0.0,3.880494427273698e-07,1.1773726299384982e-06,261,7.82711036332934e-07
7.84663845264488e-07,0.0,3.9000308666149503e-07,1.179324603867481e-06,262,7.84663845264488e-07
7.86672482341358e-07,0.0,3.920127089936395e-07,1.1813322556890764e-06,263,7.86672482341358e-07
7.887350254945838e-07,0.0,3.940763927049623e-07,1.183393658284205e-06,264,7.887350254945838e-07
7.908495295251325e-07,0.0,3.9619219625450405e-07,1.1855068627957608e-06,265,7.908495295251325e-07
7.930140274605575e-07,0.0,3.983581549856759e-07,1.187669899935439e-06,266,7.930140274605575e-07
7.952265319380637e-07,1.976905786600928e-06,4.00572282563703e-07,1.1898807813124244e-06,267,7.952265319380637e-07
7.974850366129704e-07,0.0,4.02832572442504e-07,1.1921375007834367e-06,268,7.974850366129704e-07
7.997875175920007e-07,0.0,4.0513699936000415e-07,1.1944380358239974e-06,269,7.997875175920007e-07
8.021319348904161e-07,0.0,4.0748352086035985e-07,1.1967803489204724e-06,270,8.021319348904161e-07
8.045162339122318e-07,0.0,4.0987007884191493e-07,1.1991623889825487e-06,271,8.045162339122318e-07
8.069383469524972e-07,0.0,4.122946011293993e-07,1.201582092775595e-06,272,8.069383469524972e-07
8.093961947207766e-07,0.0,4.147550030690149e-07,1.2040373863725383e-06,273,8.093961947207766e-07
8.118876878846434e-07,1.940907141179645e-06,4.1724918914483107e-07,1.2065261866244557e-06,274,8.118876878846434e-07
8.144107286321956e-07,0.0,4.1977505461500523e-07,1.2090464026493858e-06,275,8.144107286321956e-07
8.169632122524685e-07,0.0,4.223304871663671e-07,1.2115959373385698e-06,276,8.169632122524685e-07
8.19543028732489e-07,0.0,4.2491336858562434e-07,1.2141726888793536e-06,277,8.19543028732489e-07
8.221480643697645e-07,1.9074832475283786e-06,4.275215764456696e-07,1.2167745522938594e-06,278,8.221480643697645e-07
8.247762033989305e-07,0.0,4.301529858053095e-07,1.2193994209925517e-06,279,8.247762033989305e-07
8.274253296312317e-07,1.8489483181966096e-06,4.328054709207473e-07,1.222045188341716e-06,280,8.274253296312317e-07
8.300933281053167e-07,0.0,4.354769069670245e-07,1.224709749243609e-06,281,8.300933281053167e-07
8.327780867481707e-07,0.0,4.3816517176786016e-07,1.2273910017284813e-06,282,8.327780867481707e-07
8.354774980444205e-07,2.03829965043161e-06,4.4086814753193373e-07,1.2300868485569075e-06,283,8.354774980444205e-07
8.381894607127431e-07,0.0,4.435837225939998e-07,1.2327951988314865e-06,284,8.381894607127431e-07
8.409118813875703e-07,0.0,4.4630979315888355e-07,1.235513969616257e-06,285,8.409118813875703e-07
8.436426763047704e-07,0.0,4.49044265046735e-07,1.2382410875628059e-06,286,8.436426763047704e-07
8.463797729893516e-07,1.78936010693216e-06,4.5178505543749575e-07,1.2409744905412075e-06,287,8.463797729893516e-07
8.491211119437813e-07,1.7433630169943028e-06,4.545300946129118e-07,1.243712129274651e-06,288,8.491211119437813e-07
8.518646483350029e-07,0.0,4.572773276941107e-07,1.2464519689758953e-06,289,8.518646483350029e-07
8.546083536785673e-07,0.0,4.600247163730455e-07,1.249191990984089e-06,290,8.546083536785673e-07
8.573502175178975e-07,0.0,4.627702406356291e-07,1.251930194400166e-06,291,8.573502175178975e-07
8.600882490971826e-07,0.0,4.655119004751214e-07,1.2546645977192439e-06,292,8.600882490971826e-07
8.62820479025706e-07,0.0,4.6824771759343086e-07,1.257393240457981e-06,293,8.62820479025706e-07
8.655449609320274e-07,0.0,4.709757370887621e-07,1.2601141847752927e-06,294,8.655449609320274e-07
8.682597731060737e-07,1.7875561069173058e-06,4.736940291276259e-07,1.2628255170845215e-06,295,8.682597731060737e-07
8.709630201271277e-07,0.0,4.76400690599245e-07,1.2655253496550103e-06,296,8.709630201271277e-07
8.736528344759684e-07,1.989590462699158e-06,4.790938467506129e-07,1.2682118222013237e-06,297,8.736528344759684e-07
8.763273781292067e-07,0.0,4.817716528003147e-07,1.2708831034580987e-06,298,8.763273781292067e-07
8.78984844133626e-07,0.0,4.844322955289454e-07,1.2735373927383064e-06,299,8.78984844133626e-07
8.816234581591722e-07,0.0,4.870739948449232e-07,1.2761729214734212e-06,300,8.816234581591722e-07
8.842414800279437e-07,3.5257076976776165e-06,4.896950053230339e-07,1.2787879547328536e-06,301,8.842414800279437e-07
8.86837205217778e-07,0.0,4.922936177145121e-07,1.281380792721044e-06,302,8.86837205217778e-07
8.894089663382423e-07,0.0,4.948681604265184e-07,1.2839497722499662e-06,303,8.894089663382423e-07
8.919551345772031e-07,0.0,4.974170009693423e-07,1.286493268185064e-06,304,8.919551345772031e-07
8.944741211159022e-07,0.0,4.999385473693737e-07,1.2890096948624308e-06,305,8.944741211159022e-07
8.969643785108311e-07,3.601708650583837e-06,5.024312495463202e-07,1.2914975074753422e-06,306,8.969643785108311e-07
8.994244020403781e-07,0.0,5.048936006527456e-07,1.2939552034280107e-06,307,8.994244020403781e-07
9.018527310143683e-07,0.0,5.073241383742619e-07,1.2963813236544745e-06,308,9.018527310143683e-07
9.042479500447011e-07,0.0,5.097214461886974e-07,1.298774453900705e-06,309,9.042479500447011e-07
9.066086902752635e-07,3.553767615581849e-06,5.120841545826099e-07,1.301133225967917e-06,310,9.066086902752635e-07
9.08933630569242e-07,0.0,5.144109422234264e-07,1.3034563189150576e-06,311,9.08933630569242e-07
9.112214986521152e-07,0.0,5.167005370856936e-07,1.3057424602185367e-06,312,9.112214986521152e-07
9.134710722086366e-07,0.0,5.189517175298515e-07,1.3079904268874218e-06,313,9.134710722086366e-07
9.156811799320974e-07,4.949082192707363e-06,5.211633133320785e-07,1.3101990465321164e-06,314,9.156811799320974e-07
9.178507025241156e-07,0.0,5.233342066635369e-07,1.3123671983846944e-06,315,9.178507025241156e-07
9.199785736435249e-07,3.249448812245223e-06,5.254633330178244e-07,1.3144938142692253e-06,316,9.199785736435249e-07
9.220637808026985e-07,4.695092845461019e-06,5.275496820850991e-07,1.316577879520298e-06,317,9.220637808026985e-07
9.241053662098198e-07,0.0,5.295922985715411e-07,1.3186184338480983e-06,318,9.241053662098198e-07
9.261024275556847e-07,0.0,5.315902829629187e-07,1.3206145721484504e-06,319,9.261024275556847e-07
9.28054118743609e-07,0.0,5.33542792230941e-07,1.3225654452562772e-06,320,9.28054118743609e-07
9.299596505611904e-07,0.0,5.354490404813257e-07,1.3244702606410552e-06,321,9.299596505611904e-07
9.318182912925305e-07,1.5668995601712934e-06,5.373082995423027e-07,1.3263282830427583e-06,322,9.318182912925305e-07
9.336293672698465e-07,0.0,5.391198994925953e-07,1.3281388350470978e-06,323,9.336293672698465e-07
9.35392263363346e-07,1.6874105672399363e-06,5.408832291279187e-07,1.3299012975987732e-06,324,9.35392263363346e-07
9.371064234081321e-07,0.0,5.425977363648086e-07,1.3316151104514557e-06,325,9.371064234081321e-07
9.387713505674601e-07,0.0,5.442629285812752e-07,1.3332797725536452e-06,326,9.387713505674601e-07
9.403866076311406e-07,1.6566604376234212e-06,5.45878372893099e-07,1.3348948423691821e-06,327,9.403866076311406e-07
9.419518172484716e-07,3.0676352213605576e-06,5.474436963653005e-07,1.3364599381316427e-06,328,9.419518172484716e-07
9.43466662094867e-07,4.640873721826029e-06,5.489585861579911e-07,1.3379747380317428e-06,329,9.43466662094867e-07
9.449308849715725e-07,0.0,5.504227896060602e-07,1.3394389803370848e-06,330,9.449308849715725e-07
9.463442888378384e-07,1.6136710208889713e-06,5.518361142321393e-07,1.3408524634435376e-06,331,9.463442888378384e-07
9.477067367750714e-07,3.523397118565837e-06,5.531984276924309e-07,1.3422150458577118e-06,332,9.477067367750714e-07
9.490181518826806e-07,0.0,5.5450965765511e-07,1.343526646110251e-06,333,9.490181518826806e-07
9.502785171051709e-07,1.6037746440021234e-06,5.55769791610926e-07,1.344787242599416e-06,334,9.502785171051709e-07
9.514878749902556e-07,1.564108098638913e-06,5.569788766157851e-07,1.3459968733647261e-06,335,9.514878749902556e-07
9.526463273780933e-07,6.2752086899089936e-06,5.581370189654238e-07,1.3471556357907627e-06,336,9.526463273780933e-07
9.537540350213055e-07,0.0,5.59244383801856e-07,1.3482636862407554e-06,337,9.537540350213055e-07
9.548112171361032e-07,1.749891506726583e-06,5.603011946518914e-07,1.3493212396203148e-06,338,9.548112171361032e-07
9.558181508845504e-07,0.0,5.613077328978127e-07,1.3503285688712883e-06,339,9.558181508845504e-07
9.567751707882063e-07,1.9597237573391653e-06,5.622643371803264e-07,1.3512860043960863e-06,340,9.567751707882063e-07
9.576826680736626e-07,0.0,5.631714027344015e-07,1.3521939334129238e-06,341,9.576826680736626e-07
9.585410899502116e-07,0.0,5.640293806581303e-07,1.353052799242293e-06,342,9.585410899502116e-07
9.593509388203387e-07,0.0,5.648387771152984e-07,1.3538631005253788e-06,343,9.593509388203387e-07
9.601127714237172e-07,0.0,5.656001524723144e-07,1.3546253903751199e-06,344,9.601127714237172e-07
9.608271979152537e-07,0.0,5.663141203699871e-07,1.3553402754605202e-06,345,9.608271979152537e-07
9.614948808782521e-07,2.339011674007265e-06,5.669813467312034e-07,1.3560084150253008e-06,346,9.614948808782521e-07
9.621165342734922e-07,2.385957210243392e-06,5.67602548705205e-07,1.3566305198417796e-06,347,9.621165342734922e-07
9.626929223253266e-07,4.683347188235432e-06,5.681784935495858e-07,1.3572073511010675e-06,348,9.626929223253266e-07
9.632248583458072e-07,0.0,5.687099974509407e-07,1.3577397192406737e-06,349,9.632248583458072e-07
9.637132034982266e-07,0.0,5.691979242854548e-07,1.3582284827109986e-06,350,9.637132034982266e-07
9.641588655012662e-07,0.0,5.696431843206656e-07,1.358674546681867e-06,351,9.641588655012662e-07
9.645627972751458e-07,4.192379930238798e-06,5.700467328596503e-07,1.3590788616906414e-06,352,9.645627972751458e-07
9.649259955313468e-07,0.0,5.704095688292215e-07,1.359442422233472e-06,353,9.649259955313468e-07
9.652494993073779e-07,0.0,5.707327333135123e-07,1.3597662653012435e-06,354,9.652494993073779e-07
9.65534388448358e-07,0.0,5.710173080346679e-07,1.3600514688620481e-06,355,9.65534388448358e-07
9.657817820370326e-07,0.0,5.712644137822947e-07,1.3602991502917707e-06,356,9.657817820370326e-07
9.659928367741877e-07,0.0,5.71475208793426e-07,1.3605104647549494e-06,357,9.659928367741877e-07
9.661687453112264e-07,0.0,5.716508870849179e-07,1.3606866035375349e-06,358,9.661687453112264e-07
9.66310734536956e-07,0.0,5.717926767401145e-07,1.3608287923337977e-06,359,9.66310734536956e-07
9.664200638206589e-07,0.0,5.719018381519314e-07,1.3609382894893863e-06,360,9.664200638206589e-07
9.664980232135363e-07,2.0044378253453147e-06,5.719796622243687e-07,1.3610163842027038e-06,361,9.664980232135363e-07
9.66545931610662e-07,0.0,5.720274685345537e-07,1.3610643946867707e-06,362,9.66545931610662e-07
9.665651348758422e-07,7.415042154514648e-06,5.720466034577134e-07,1.3610836662939709e-06,363,9.665651348758422e-07
9.66557003931499e-07,0.0,5.720384382571457e-07,1.3610755696058526e-06,364,9.66557003931499e-07
9.665229328161715e-07,1.938465355747162e-06,5.720043671418169e-07,1.361041498490526e-06,365,9.665229328161715e-07
9.664643367118687e-07,0.0,5.719458052937365e-07,1.360982868130001e-06,366,9.664643367118687e-07
9.66382649943852e-07,0.0,5.718641868677456e-07,1.3609011130199583e-06,367,9.66382649943852e-07
9.662793239553865e-07,0.0,5.717609629662177e-07,1.360797684944555e-06,368,9.662793239553865e-07
9.6615582526001e-07,1.7064496972758236e-06,5.716375995912825e-07,1.3606740509287374e-06,369,9.6615582526001e-07
9.66013633373782e-07,1.939345044391608e-06,5.714955755769383e-07,1.360531691170626e-06,370,9.66013633373782e-07
9.658542387305743e-07,0.0,5.713363805042636e-07,1.360372096956885e-06,371,9.658542387305743e-07
9.656791405825158e-07,0.0,5.71161512601755e-07,1.3601967685632765e-06,372,9.656791405825158e-07
9.654898448887893e-07,0.0,5.709724766340501e-07,1.3600072131435286e-06,373,9.654898448887893e-07
9.652878621952463e-07,0.0,5.707707817815584e-07,1.3598049426089343e-06,374,9.652878621952463e-07
9.65074705507628e-07,2.115627505696327e-06,5.705579395137614e-07,1.3595914715014947e-06,375,9.65074705507628e-07
9.648518881613365e-07,3.3346449603510717e-06,5.703354614592158e-07,1.3593683148634574e-06,376,9.648518881613365e-07
9.646209216902637e-07,0.0,5.701048572747693e-07,1.3591369861057582e-06,377,9.646209216902637e-07
9.643833136975578e-07,1.8366181248496268e-06,5.698676325169572e-07,1.3588989948781586e-06,378,9.643833136975578e-07
9.641405657314459e-07,0.0,5.696252865186742e-07,1.3586558449442176e-06,379,9.641405657314459e-07
9.638941711682965e-07,5.568455811518908e-06,5.693793102734301e-07,1.358409032063163e-06,380,9.638941711682965e-07
9.636456131062526e-07,2.012935121088112e-06,5.691311843305128e-07,1.3581600418819923e-06,381,9.636456131062526e-07
9.633963622719369e-07,0.0,5.688823767036497e-07,1.3579103478402242e-06,382,9.633963622719369e-07
9.631478749430748e-07,1.8004198579108648e-06,5.68634340796025e-07,1.3576614090901248e-06,383,9.631478749430748e-07
9.629015908897344e-07,0.0,5.683885133444702e-07,1.3574146684349988e-06,384,9.629015908897344e-07
9.626589313370925e-07,1.704750799528125e-06,5.681463123856887e-07,1.3571715502884965e-06,385,9.626589313370925e-07
9.624212969520623e-07,0.0,5.67909135247021e-07,1.3569334586571035e-06,386,9.624212969520623e-07
9.62190065856904e-07,3.118106062377712e-06,5.676783565648226e-07,1.356701775148985e-06,387,9.62190065856904e-07
9.619665916720951e-07,0.0,5.674553263328339e-07,1.3564778570113565e-06,388,9.619665916720951e-07
9.617522015912777e-07,0.0,5.672413679833977e-07,1.3562630351991577e-06,389,9.617522015912777e-07
9.615481944907122e-07,0.0,5.670377765039767e-07,1.356058612477448e-06,390,9.615481944907122e-07
9.613558390758548e-07,1.7167146202283915e-06,5.668458165916419e-07,1.3558658615600677e-06,391,9.613558390758548e-07
9.611763720674683e-07,0.0,5.666667208480143e-07,1.3556860232869225e-06,392,9.611763720674683e-07
9.610109964296904e-07,0.0,5.665016880170189e-07,1.3555203048423621e-06,393,9.610109964296904e-07
9.608608796423911e-07,0.0,5.663518812679193e-07,1.355369878016863e-06,394,9.608608796423911e-07
9.60727152020135e-07,0.0,5.662184265258914e-07,1.3552358775143787e-06,395,9.60727152020135e-07
9.606109050800607e-07,0.0,5.661024108524891e-07,1.3551193993076325e-06,396,9.606109050800607e-07
9.605131899606445e-07,0.0,5.66004880878004e-07,1.355021499043285e-06,397,9.605131899606445e-07
9.604350158936916e-07,1.6484866068705626e-06,5.659268412879913e-07,1.354943190499392e-06,398,9.604350158936916e-07
9.603773487313125e-07,0.0,5.65869253365799e-07,1.3548854440968259e-06,399,9.603773487313125e-07
9.603411095301138e-07,0.0,5.658330335932378e-07,1.3548491854669897e-06,400,9.603411095301138e-07
9.603271731942513e-07,0.0,5.658190523110812e-07,1.3548352940774212e-06,401,9.603271731942513e-07
9.603363671791577e-07,0.0,5.658281324411159e-07,1.354844601917199e-06,402,9.603363671791577e-07
9.603694702578198e-07,0.0,5.658610482716338e-07,1.3548778922440058e-06,403,9.603694702578198e-07
9.604272113510353e-07,0.0,5.659185243077129e-07,1.3549358983943575e-06,404,9.604272113510353e-07
9.605102684231443e-07,0.0,5.660012341877171e-07,1.3550193026585716e-06,405,9.605102684231443e-07
9.606192674449372e-07,0.0,5.661097996676859e-07,1.3551287352221885e-06,406,9.606192674449372e-07
9.607547814247865e-07,1.578379982353712e-06,5.662447896745598e-07,1.3552647731750133e-06,407,9.607547814247865e-07
9.609173295094446e-07,0.0,5.66406719429581e-07,1.3554279395893083e-06,408,9.609173295094446e-07
9.611073761554497e-07,0.0,5.665960496427815e-07,1.3556187026681176e-06,409,9.611073761554497e-07
9.613253303725437e-07,0.0,5.668131857797767e-07,1.3558374749653105e-06,410,9.613253303725437e-07
9.615715450396293e-07,0.0,5.670584774013531e-07,1.3560846126779058e-06,411,9.615715450396293e-07
9.61846316294513e-07,0.0,5.673322175769138e-07,1.3563604150121125e-06,412,9.61846316294513e-07
9.621498829978116e-07,1.7128097616453937e-06,5.676346423721099e-07,1.3566651236235129e-06,413,9.621498829978116e-07
9.624824262720611e-07,1.7237515729233104e-06,5.679659304114813e-07,1.356998922132641e-06,414,9.624824262720611e-07
9.628440691162445e-07,0.0,5.683262025162235e-07,1.3573619357162657e-06,415,9.628440691162445e-07
9.632348760963327e-07,1.960553660353684e-06,5.687155214175509e-07,1.3577542307751145e-06,416,9.632348760963327e-07
9.636548531122264e-07,0.0,5.691338915458013e-07,1.3581758146786514e-06,417,9.636548531122264e-07
9.641039472411912e-07,0.0,5.695812588953756e-07,1.3586266355870067e-06,418,9.641039472411912e-07
9.645820466580406e-07,1.7027942854223782e-06,5.700575109653845e-07,1.3591065823506964e-06,419,9.645820466580406e-07
9.650889806319975e-07,0.0,5.70562476775995e-07,1.3596154844880002e-06,420,9.650889806319975e-07
9.656245196002688e-07,0.0,5.710959269601647e-07,1.360153112240373e-06,421,9.656245196002688e-07
9.661883753180385e-07,0.0,5.716575739304048e-07,1.360719176705672e-06,422,9.661883753180385e-07
9.66780201084648e-07,1.870340514194014e-06,5.722470721201359e-07,1.36131333004916e-06,423,9.66780201084648e-07
9.673995920456117e-07,1.8305128181660087e-06,5.728640182990821e-07,1.3619351657921412e-06,424,9.673995920456117e-07
9.680460855699285e-07,1.739859662919589e-06,5.735079519620687e-07,1.3625842191777881e-06,425,9.680460855699285e-07
9.68719161702109e-07,0.0,5.741783557903863e-07,1.3632599676138317e-06,426,9.68719161702109e-07
9.69418243688294e-07,0.0,5.748746561850271e-07,1.363961831191561e-06,427,9.69418243688294e-07
9.701426985755808e-07,3.577670328412248e-06,5.755962238706699e-07,1.3646891732804916e-06,428,9.701426985755808e-07
9.708918378838141e-07,0.0,5.763423745695662e-07,1.365441301198062e-06,429,9.708918378838141e-07
9.716649183487092e-07,0.0,5.771123697440296e-07,1.3662174669533887e-06,430,9.716649183487092e-07
9.724611427354208e-07,0.0,5.779054174065277e-07,1.367016868064314e-06,431,9.724611427354208e-07
9.73279660721296e-07,3.977131493910018e-06,5.787206729959438e-07,1.367838648446648e-06,432,9.73279660721296e-07
9.741195698465303e-07,0.0,5.795572403186476e-07,1.368681899374413e-06,433,9.741195698465303e-07
9.7497991653155e-07,0.0,5.804141725531023e-07,1.369545660509998e-06,434,9.7497991653155e-07
9.758596971596158e-07,3.883374497103003e-06,5.812904733163506e-07,1.370428921002881e-06,435,9.758596971596158e-07
9.767578592231015e-07,1.9819916241033964e-06,5.821850977908253e-07,1.3713306206553778e-06,436,9.767578592231015e-07
9.776733025320454e-07,0.0,5.830969539099842e-07,1.3722496511541066e-06,437,9.776733025320454e-07
9.78604880483164e-07,0.0,5.840249036008955e-07,1.3731848573654323e-06,438,9.78604880483164e-07
9.795514013876939e-07,3.4379028792436606e-06,5.849677640821743e-07,1.3741350386932134e-06,439,9.795514013876939e-07
9.8051162985629e-07,1.877846110511244e-06,5.859243092153979e-07,1.3750989504971823e-06,440,9.8051162985629e-07
9.814842882390801e-07,1.8479847726054735e-06,5.868932709082061e-07,1.3760753055699544e-06,441,9.814842882390801e-07
9.82468058118931e-07,0.0,5.878733405670761e-07,1.3770627756707858e-06,442,9.82468058118931e-07
9.83461581856097e-07,1.8921046258173887e-06,5.888631705980627e-07,1.3780599931141314e-06,443,9.83461581856097e-07
9.84463464181983e-07,0.0,5.898613759532974e-07,1.3790655524106685e-06,444,9.84463464181983e-07
9.854722738401604e-07,2.00546690277697e-06,5.908665357214183e-07,1.3800780119589026e-06,445,9.854722738401604e-07
9.86486545272305e-07,0.0,5.918771947598183e-07,1.381095895784792e-06,446,9.86486545272305e-07
9.87504780346997e-07,1.884090737809933e-06,5.928918653666888e-07,1.3821176953273054e-06,447,9.87504780346997e-07
9.885254501291047e-07,1.935265373264309e-06,5.939090289908137e-07,1.3831418712673957e-06,448,9.885254501291047e-07
9.89546996687417e-07,2.077140857152946e-06,5.949271379769336e-07,1.3841668553979003e-06,449,9.89546996687417e-07
9.905678349382943e-07,0.0,5.959446173446732e-07,1.3851910525319153e-06,450,9.905678349382943e-07
9.915863545229819e-07,7.529364521634374e-06,5.969598665988893e-07,1.3862128424470745e-06,451,9.915863545229819e-07
9.926009217161353e-07,0.0,5.979712615692741e-07,1.3872305818629967e-06,452,9.926009217161353e-07
9.93609881363182e-07,2.7508954164580573e-06,5.989771562770783e-07,1.3882426064492856e-06,453,9.93609881363182e-07
9.946115588441801e-07,2.894607346513445e-06,5.999758848269909e-07,1.3892472328613692e-06,454,9.946115588441801e-07
9.956042620615876e-07,0.0,6.009657633217742e-07,1.390242760801401e-06,455,9.956042620615876e-07
9.965862834495166e-07,3.071941805134444e-06,6.019450917977571e-07,1.391227475101276e-06,456,9.965862834495166e-07
9.97555902002058e-07,0.0,6.029121561789601e-07,1.3921996478251557e-06,457,9.97555902002058e-07
9.985113853181123e-07,0.0,6.038652302477964e-07,1.393157540388428e-06,458,9.985113853181123e-07
9.994509916602303e-07,0.0,6.048025776301729e-07,1.3940994056902878e-06,459,9.994509916602303e-07
1.0003729720250855e-06,0.0,6.057224537930901e-07,1.3950234902570811e-06,460,1.0003729720250855e-06
1.0012755722228312e-06,0.0,6.066231080523682e-07,1.3959280363932942e-06,461,1.0012755722228312e-06
1.002157034963131e-06,3.059835074889464e-06,6.075027855887669e-07,1.3968112843374952e-06,462,1.002157034963131e-06
1.0030156019452048e-06,0.0,6.083597294703231e-07,1.3976714744200865e-06,463,1.0030156019452048e-06
1.0038495159494561e-06,0.0,6.091921826788264e-07,1.3985068492200856e-06,464,1.0038495159494561e-06
1.0046570229281957e-06,0.0,6.099983901385742e-07,1.399315655717817e-06,465,1.0046570229281957e-06
1.005436374093081e-06,0.0,6.107766007453625e-07,1.4000961474407996e-06,466,1.005436374093081e-06
1.0061858279967735e-06,0.0,6.115250693937828e-07,1.4008465865997641e-06,467,1.0061858279967735e-06
1.0069036526065414e-06,2.2894663940675345e-06,6.122420590009772e-07,1.4015652462121055e-06,468,1.0069036526065414e-06
1.007588127367116e-06,0.0,6.129258425246753e-07,1.402250412209557e-06,469,1.007588127367116e-06
1.0082375452509797e-06,0.0,6.135747049741263e-07,1.4029003855278332e-06,470,1.0082375452509797e-06
1.0088502147932464e-06,0.0,6.141869454115523e-07,1.4035134841749405e-06,471,1.0088502147932464e-06
1.009424462109151e-06,0.0,6.14760878942644e-07,1.4040880452756582e-06,472,1.009424462109151e-06
1.0099586328918591e-06,0.0,6.152948386941368e-07,1.4046224270895814e-06,473,1.0099586328918591e-06
1.0104510943883734e-06,0.0,6.157871777767998e-07,1.4051150109999473e-06,474,1.0104510943883734e-06
1.0109002373513396e-06,0.0,6.162362712318885e-07,1.4055642034707906e-06,475,1.0109002373513396e-06
1.0113044779647572e-06,2.69917917961148e-06,6.166405179595966e-07,1.4059684379699174e-06,476,1.0113044779647572e-06
1.011662259741321e-06,2.8988532136686727e-06,6.169983426274544e-07,1.406326176855188e-06,477,1.011662259741321e-06
1.0119720553896421e-06,0.0,6.173081975573109e-07,1.4066359132219732e-06,478,1.0119720553896421e-06
1.0122323686492191e-06,0.0,6.175685645890363e-07,1.406896172709402e-06,479,1.0122323686492191e-06
1.012441736091152e-06,0.0,6.177779569192103e-07,1.4071055152630936e-06,480,1.012441736091152e-06
1.01259872888304e-06,0.0,6.179349209133939e-07,1.4072625368526862e-06,481,1.01259872888304e-06
1.012701954515986e-06,2.8116740707417195e-06,6.180380378901578e-07,1.407365871141814e-06,482,1.012701954515986e-06
1.0127500584920566e-06,0.0,6.180859258752758e-07,1.4074141911088374e-06,483,1.0127500584920566e-06
1.012741725970566e-06,2.778047865764727e-06,6.180772413245774e-07,1.4074062106165546e-06,484,1.012741725970566e-06
1.0126756833715674e-06,0.0,6.180106808138363e-07,1.4073406859292982e-06,485,1.0126756833715674e-06
1.0125506999348163e-06,0.0,6.178849826939696e-07,1.4072164171756632e-06,486,1.0125506999348163e-06
1.012365589232997e-06,0.0,6.176989287102328e-07,1.4070322497557611e-06,487,1.012365589232997e-06
1.0121192106375433e-06,2.8820104905181854e-06,6.174513455836534e-07,1.4067870756914337e-06,488,1.0121192106375433e-06
1.0118104707358174e-06,0.0,6.171411065532026e-07,1.406479834918432e-06,489,1.0118104707358174e-06
1.0114383246983137e-06,2.7051519619114605e-06,6.167671328772197e-07,1.4061095165194076e-06,490,1.0114383246983137e-06
1.011001777594673e-06,6.926071116898228e-06,6.163283952924477e-07,1.4056751598968981e-06,491,1.011001777594673e-06
1.010499885657348e-06,3.0941072726991447e-06,6.158239154292422e-07,1.4051758558854536e-06,492,1.010499885657348e-06
1.009931757491763e-06,0.0,6.152527671813337e-07,1.4046107478021923e-06,493,1.009931757491763e-06
1.009296555232134e-06,2.9440165807013824e-06,6.146140780287364e-07,1.4039790324355316e-06,494,1.009296555232134e-06
1.0085934956417653e-06,0.0,6.139070303121841e-07,1.4032799609713464e-06,495,1.0085934956417653e-06
1.0078218511570618e-06,0.0,6.131308624575539e-07,1.40251283985657e-06,496,1.0078218511570618e-06
1.0069809508745285e-06,5.301074527806787e-06,6.122848701489967e-07,1.4016770316000602e-06,497,1.0069809508745285e-06
1.0060701814797986e-06,0.0,6.113684074489489e-07,1.4007719555106482e-06,498,1.0060701814797986e-06
1.0050889881182596e-06,0.0,6.10380887863848e-07,1.3997970883726714e-06,499,1.0050889881182596e-06
1.0040368752064724e-06,0.0,6.093217853537999e-07,1.398751965059145e-06,500,1.0040368752064724e-06
1.0029134071839984e-06,0.0,6.081906352849933e-07,1.3976361790830035e-06,501,1.0029134071839984e-06
1.0017182092051638e-06,5.134142303022213e-06,6.06987035323256e-07,1.3964493830870714e-06,502,1.0017182092051638e-06
1.0004509677702019e-06,0.0,6.057106462672778e-07,1.395191289273126e-06,503,1.0004509677702019e-06
9.991114312956752e-07,0.0,6.043611928202311e-07,1.3938616697711194e-06,504,9.991114312956752e-07
9.976994106237608e-07,0.0,6.029384642982678e-07,1.3924603569492535e-06,505,9.976994106237608e-07
9.962147794703517e-07,0.0,6.014423152746953e-07,1.3909872436660081e-06,506,9.962147794703517e-07
9.9465747481165e-07,0.0,5.998726661582269e-07,1.3894422834650731e-06,507,9.9465747481165e-07
9.930274972093867e-07,0.0,5.98229503704264e-07,1.3878254907145094e-06,508,9.930274972093867e-07
9.913249110745723e-07,0.0,5.965128814578342e-07,1.3861369406913107e-06,509,9.913249110745723e-07
9.895498448699068e-07,0.0,5.947229201269386e-07,1.3843767696128753e-06,510,9.895498448699068e-07
1.7249539819581696e-06,1.2857899636378598e-06,1.3301112985925024e-06,2.119796665323837e-06,511,9.87702491250864e-07
1.7243242017117541e-06,0.0,1.3294648951685915e-06,2.119183508254917e-06,512,9.85783107145854e-07
1.7236227121999802e-06,4.916783440273373e-06,1.3287459204283359e-06,2.1184995039716244e-06,513,9.837920137754857e-07
1.7228498988944825e-06,2.8108521379341363e-06,1.3279547660345e-06,2.117745031754465e-06,514,9.817295966113935e-07
1.7220062114166224e-06,2.6054490361141293e-06,1.3270918915973917e-06,2.116920531235853e-06,515,9.79596305274939e-07
1.7210921633764951e-06,2.483959829401639e-06,1.3261578246083653e-06,2.116026502144625e-06,516,9.773926533762172e-07
1.7201083321528086e-06,2.4656595269385632e-06,1.3251531602969877e-06,2.1150635040086296e-06,517,9.751192182939363e-07
1.7190553586139706e-06,2.4313389870069245e-06,1.324078561410967e-06,2.1140321558169737e-06,518,9.72776640896504e-07
1.7179339467811787e-06,0.0,1.3229347579185133e-06,2.1129331356438443e-06,519,9.703656252051177e-07
1.7167448634340565e-06,2.577233237030718e-06,1.3217225466325147e-06,2.111767180235598e-06,520,9.67886937999401e-07
1.7154889376595262e-06,0.0,1.3204427907561852e-06,2.110535084562867e-06,521,9.65341408366276e-07
1.7141670603446272e-06,0.0,1.319096419349969e-06,2.1092377013392857e-06,522,9.62729927192783e-07
1.7127801836141558e-06,7.186747637356714e-06,1.317684426719544e-06,2.1078759405087675e-06,523,9.60053446603717e-07
1.7113293202138156e-06,4.926569481872688e-06,1.3162078717249165e-06,2.1064507687027144e-06,524,9.573129793447823e-07
1.7098155428398996e-06,0.0,1.3146678770108316e-06,2.1049632086689677e-06,525,9.54509598112272e-07
1.708239983416234e-06,4.983628779459476e-06,1.313065628158594e-06,2.103414338673874e-06,526,9.516444348300119e-07
1.7066038323195273e-06,2.729458775619382e-06,1.3114023727599412e-06,2.1018052918791136e-06,527,9.487186798747109e-07
1.7049083375539772e-06,0.0,1.3096794194134168e-06,2.100137255694537e-06,528,9.457335812505663e-07
1.703154803876126e-06,0.0,1.3078981366439011e-06,2.098411471108351e-06,529,9.426904437141208e-07
1.7013445918712344e-06,2.395978589535324e-06,1.3060599517464494e-06,2.0966292319960195e-06,530,9.395906278506346e-07
1.6994791169819721e-06,2.274458963074159e-06,1.304166349555184e-06,2.0947918844087604e-06,531,9.364355491027781e-07
1.6975598484908258e-06,0.0,1.3022188711387336e-06,2.0929008258429183e-06,532,9.332266767530374e-07
1.695588308457183e-06,0.0,1.3002191124234575e-06,2.0909575044909085e-06,533,9.299655328608001e-07
1.6935660706103073e-06,0.0,1.2981687227460691e-06,2.0889634184745454e-06,534,9.266536911553301e-07
1.6914947591995277e-06,3.3532291596807726e-06,1.2960694033374755e-06,2.08692011506158e-06,535,9.232927758859562e-07
1.68937604780273e-06,0.0,1.2939229057396997e-06,2.0848291898657607e-06,536,9.198844606305641e-07
1.6872116580945164e-06,3.049589372790954e-06,1.2917310301580834e-06,2.08269228603095e-06,537,9.164304670637559e-07
1.6850033585751966e-06,0.0,1.2894956237509328e-06,2.0805110933994605e-06,538,9.129325636858419e-07
1.682752963262037e-06,0.0,1.2872185788592844e-06,2.07828734766479e-06,539,9.093925645140878e-07
1.6804623303439991e-06,0.0,1.2849018311792802e-06,2.076022829508718e-06,540,9.058123277374555e-07
1.6781333608013656e-06,3.0017229889956834e-06,1.2825473578801705e-06,2.073719363722561e-06,541,9.021937543362275e-07
1.6757679969914712e-06,0.0,1.2801571756707516e-06,2.0713788183121907e-06,542,8.985387866677386e-07
1.6733682212021317e-06,0.0,1.277733338817705e-06,2.0690031035865584e-06,543,8.948494070198048e-07
1.670936054173969e-06,0.0,1.2752779371190109e-06,2.066594171228927e-06,544,8.911276361330476e-07
1.6684735535930049e-06,0.0,1.2727930938360344e-06,2.064154013349976e-06,545,8.87375531693489e-07
1.6659828125551091e-06,0.0,1.2702809635880586e-06,2.0616846615221592e-06,546,8.835951867969988e-07
1.6634659580035703e-06,0.0,1.267743730213089e-06,2.0591881857940514e-06,547,8.797887283868655e-07
1.660925149141212e-06,0.0,1.2651836045988927e-06,2.0566666936835314e-06,548,8.75958315665913e-07
1.6583625758185137e-06,0.0,1.2626028224885469e-06,2.0541223291484806e-06,549,8.721061384846201e-07
1.6557804568992004e-06,3.410501616577766e-06,1.2600036422646915e-06,2.0515572715337088e-06,550,8.682344157067123e-07
1.6531810386046703e-06,0.0,1.2573883427170088e-06,2.048973734492332e-06,551,8.643453935535881e-07
1.6505665928387298e-06,0.0,1.2547592207974016e-06,2.046373964880058e-06,552,8.604413439290533e-07
1.647939415494122e-06,0.0,1.2521185893676314e-06,2.0437602416206125e-06,553,8.565245627258508e-07
1.6453018247421544e-06,0.0,1.2494687749439575e-06,2.041134874540352e-06,554,8.525973681152888e-07
1.6426561593070972e-06,3.1469598794084973e-06,1.2468121154439603e-06,2.0385002031702338e-06,555,8.486620988216374e-07
1.640004776726524e-06,3.2855612724321694e-06,1.2441509579400951e-06,2.035858595512953e-06,556,8.447211123824696e-07
1.637350051599232e-06,0.0,1.2414876564251784e-06,2.033212446773285e-06,557,8.407767833965832e-07
1.6346943738221827e-06,1.0203665156524224e-05,1.238824569594847e-06,2.0305641780495183e-06,558,8.368315017609396e-07
1.6320401468176326e-06,3.0787987758696068e-06,1.2361640586517344e-06,2.027916234983531e-06,559,8.328876708977953e-07
1.6293897857523257e-06,9.0511116273597e-06,1.2335084851369323e-06,2.0252710863677193e-06,560,8.289477059738937e-07
1.626745715749714e-06,0.0,1.2308602087932119e-06,2.022631222706216e-06,561,8.250140321126876e-07
1.6241103700969503e-06,0.0,1.2282215854655308e-06,2.01999915472837e-06,562,8.210890826013297e-07
1.6214861884478805e-06,2.760166382829557e-06,1.2255949650435026e-06,2.017377411852258e-06,563,8.171752970936652e-07
1.618875615023554e-06,0.0,1.2229826894509177e-06,2.01476854059619e-06,564,8.132751198107444e-07
1.6162810968115248e-06,0.0,1.2203870906871089e-06,2.012175102935941e-06,565,8.093909977401208e-07
1.6137050817654196e-06,0.0,1.2178104889248642e-06,2.009599674605975e-06,566,8.055253788354213e-07
1.611150017006139e-06,2.825848602335281e-06,1.2152551906696716e-06,2.0070448433426063e-06,567,8.01680710217546e-07
1.6086183470259687e-06,0.0,1.212723486984558e-06,2.0045132070673795e-06,568,7.978594363787814e-07
1.6061125118970603e-06,2.621280075912271e-06,1.2102176517849878e-06,2.002007372009133e-06,569,7.940639973912786e-07
1.6036349454855614e-06,5.927489026735939e-06,1.2077399402078891e-06,1.9995299507632335e-06,570,7.902968271211852e-07
1.6011880736726973e-06,2.85143997718848e-06,1.2052925870586568e-06,1.997083560286738e-06,571,7.865603514497268e-07
1.5987743125842107e-06,2.5489006591457107e-06,1.2028778053398284e-06,1.994670819828593e-06,572,7.828569865026455e-07
1.5963960668293477e-06,0.0,1.20049778486483e-06,1.9922943487938658e-06,573,7.791891368891884e-07
1.594055727750734e-06,4.963715241584021e-06,1.1981546909597809e-06,1.9899567645416868e-06,574,7.755591939519799e-07
1.5917556716864175e-06,5.2857475104129225e-06,1.1958506632562342e-06,1.9876606801166006e-06,575,7.719695340290693e-07
1.5894982582453234e-06,0.0,1.1935878145771868e-06,1.98540870191346e-06,576,7.684225167293808e-07
1.5872858285973152e-06,0.0,1.1913682299184389e-06,1.9832034272761918e-06,577,7.649204832227781e-07
1.5851207037791673e-06,0.0,1.189193965526921e-06,1.9810474420314136e-06,578,7.614657545460357e-07
1.583005183017575e-06,0.0,1.1870670480772064e-06,1.978943317957944e-06,579,7.580606299258493e-07
1.5809415420705092e-06,2.643495547031751e-06,1.1849894739470907e-06,1.9768936101939278e-06,580,7.547073851201891e-07
1.5789320315878272e-06,0.0,1.1829632085922923e-06,1.974900854583362e-06,581,7.514082707789125e-07
1.5769788754927375e-06,0.0,1.180990186020426e-06,1.972967564965049e-06,582,7.481655108252285e-07
1.575084269384683e-06,2.259677634388678e-06,1.1790723083631908e-06,1.971096230406175e-06,583,7.449813008585795e-07
1.573250378965435e-06,0.0,1.1772114455459833e-06,1.969289312384887e-06,584,7.418578065807371e-07
1.5714793384886841e-06,0.0,1.1754094350525567e-06,1.9675492419248113e-06,585,7.387971622453919e-07
1.5697732492350657e-06,0.0,1.1736680817831593e-06,1.965878416686972e-06,586,7.358014691331789e-07
1.568134178012988e-06,4.904713675077433e-06,1.1719891580025125e-06,1.9642791980234634e-06,587,7.32872794052507e-07
1.5665641556866899e-06,4.449249634049218e-06,1.1703744033746698e-06,1.9627539079987097e-06,588,7.300131678676143e-07
1.5650651757323748e-06,0.0,1.1688255250804716e-06,1.961304826384278e-06,589,7.272245840547049e-07
1.5636391928235488e-06,0.0,1.16734419801301e-06,1.9599341876340873e-06,590,7.245089972872843e-07
1.5622881214463494e-06,0.0,1.1659320650458186e-06,1.95864417784688e-06,591,7.218683220514905e-07
1.5610138345460059e-06,2.2192238042822142e-06,1.16459073736807e-06,1.9574369317239416e-06,592,7.193044312925527e-07
1.5598181622052633e-06,2.125253967849158e-06,1.1633217948803597e-06,1.956314529530167e-06,593,7.168191550932156e-07
1.5587028903556351e-06,2.259105891070432e-06,1.1621267866441296e-06,1.955278994067141e-06,594,7.144142793849932e-07
1.5576697595225681e-06,2.2651287952232966e-06,1.1610072313774216e-06,1.954332287667715e-06,595,7.120915446933316e-07
1.5567204636050552e-06,0.0,1.1599646179886825e-06,1.953476309221428e-06,596,7.098526449172243e-07
1.5558566486908412e-06,4.8728312855259855e-06,1.1590004061405376e-06,1.9527128912411446e-06,597,7.076992261444157e-07
1.5550799119078825e-06,0.0,1.1581160268343934e-06,1.952043796981372e-06,598,7.056328855028629e-07
1.5543918003128533e-06,2.521082552848193e-06,1.1573128830065655e-06,1.951470717619141e-06,599,7.036551700492392e-07
1.5537938098174664e-06,1.9093625593095746e-06,1.1565923501262923e-06,1.9509952695086405e-06,600,7.017675756952577e-07
1.5532873841534447e-06,2.288130551576751e-06,1.1559557767856342e-06,1.950618991521255e-06,601,6.999715461726417e-07
1.552873913876587e-06,2.275447466744335e-06,1.1554044852706648e-06,1.950343342482509e-06,602,6.982684720371897e-07
1.552554735410977e-06,0.0,1.154939772103801e-06,1.950169698718153e-06,603,6.966596897129854e-07
1.5523311301337306e-06,0.0,1.1545629085461718e-06,1.9500993517212893e-06,604,6.951464805771444e-07
1.5522043235009622e-06,0.0,1.1542751410493103e-06,1.950133505952614e-06,605,6.937300700857816e-07
1.5521754842155914e-06,2.488465960274129e-06,1.1540776916450367e-06,1.9502732767861463e-06,606,6.924116269418165e-07
1.5522457234376072e-06,0.0,1.1539717582628239e-06,1.9505196886123905e-06,607,6.911922623052378e-07
1.552416094037289e-06,4.328086250102792e-06,1.1539585149633985e-06,1.9508736731111798e-06,608,6.900730290463253e-07
1.552687589891829e-06,4.651790241474431e-06,1.154039112077878e-06,1.9513360677057804e-06,609,6.890549210422709e-07
1.5530611452260443e-06,4.467177413950995e-06,1.154214676241804e-06,1.9519076142102846e-06,610,6.881388725178918e-07
1.5535376339973587e-06,0.0,1.1544863103133224e-06,1.9525889576813955e-06,611,6.873257574306118e-07
1.5541178693257255e-06,0.0,1.1548550931656083e-06,1.9533806454858426e-06,612,6.86616388900384e-07
1.554802602968823e-06,2.483756234228148e-06,1.155322079343433e-06,1.9542831265942127e-06,613,6.860115186848871e-07
1.555592524842663e-06,0.0,1.1558882985742036e-06,1.955296751111122e-06,614,6.855118367001328e-07
1.5564882625883851e-06,2.2142509189141317e-06,1.1565547551246745e-06,1.956421770052096e-06,615,6.851179705872606e-07
1.5574903811850425e-06,2.1198566976872365e-06,1.1573224269942546e-06,1.9576583353758303e-06,616,6.848304853253233e-07
1.5585993826090716e-06,6.423377668913422e-06,1.1581922649368956e-06,1.9590065002812476e-06,617,6.84649882890758e-07
1.5598157055404256e-06,0.0,1.1591651913039297e-06,1.9604662197769216e-06,618,6.845766019635176e-07
1.5611397251155776e-06,0.0,1.1602420987003046e-06,1.962037351530851e-06,619,6.846110176800752e-07
1.5625717527277443e-06,2.341191151233925e-06,1.1614238484481322e-06,1.9637196570073565e-06,620,6.847534414336474e-07
1.5641120358742823e-06,0.0,1.1627112688511075e-06,1.9655128028974574e-06,621,6.850041207215911e-07
1.5657607580514052e-06,2.1494790737464776e-06,1.1641051532544116e-06,1.967416362848399e-06,622,6.853632390401197e-07
1.5675180386963922e-06,0.0,1.1656062578955549e-06,1.9694298194972295e-06,623,6.858309158265121e-07
1.5693839331770634e-06,0.0,1.1672152995413018e-06,1.9715525668128247e-06,624,6.864072064485887e-07
1.5713584328288947e-06,2.162615726974089e-06,1.1689329529075895e-06,1.9737839127502e-06,625,6.870921022418257e-07
1.5734414650393294e-06,2.2873873461732004e-06,1.1707598478588573e-06,1.9761230822198013e-06,626,6.878855305936662e-07
1.5756328933795303e-06,0.0,1.172696566384578e-06,1.9785692203744823e-06,627,6.887873550752726e-07
1.5779325177832614e-06,0.0,1.1747436393506341e-06,1.981121396215889e-06,628,6.897973756204094e-07
1.580340074772812e-06,2.0002680359168127e-06,1.1769015430243966e-06,1.9837786065212273e-06,629,6.909153287513656e-07
1.5828552377319064e-06,3.8391031854958686e-06,1.1791706953724516e-06,1.9865397800913612e-06,630,6.921408878518656e-07
1.5854776172250616e-06,2.0300776301685776e-06,1.1815514521302198e-06,1.989403782319904e-06,631,6.934736634864264e-07
1.5882067613635035e-06,0.0,1.1840441026440151e-06,1.992369420082992e-06,632,6.949132037662737e-07
1.5910421562171245e-06,2.7608522198632275e-06,1.1866488654855978e-06,1.9954354469486515e-06,633,6.964589947613006e-07
1.5939832262721191e-06,0.0,1.1893658838402239e-06,1.9986005687040146e-06,634,6.981104609577007e-07
1.5970293349341706e-06,0.0,1.1921952206699368e-06,2.0018634491984045e-06,635,6.998669657611578e-07
1.6001797850765438e-06,0.0,1.195136853653476e-06,2.0052227164996115e-06,636,7.017278120449363e-07
1.6034338196326798e-06,3.44491410106689e-06,1.1981906699053338e-06,2.008676969360026e-06,637,7.036922427424781e-07
1.6067906222329047e-06,0.0,1.201356460476837e-06,2.012224783988972e-06,638,7.057594414841086e-07
1.610249317884768e-06,3.5814823038959366e-06,1.204633914642406e-06,2.01586472112713e-06,639,7.079285332773772e-07
1.6138089736962898e-06,0.0,1.2080226139749238e-06,2.019595333417656e-06,640,7.101985852303048e-07
1.617468599641631e-06,3.8059715693923767e-06,1.211522026214675e-06,2.023415173068587e-06,641,7.125686073170514e-07
1.6212271493686204e-06,0.0,1.215131498936906e-06,2.0273227998003346e-06,642,7.150375531854465e-07
1.6250835210473692e-06,6.951734110073758e-06,1.2188502530241533e-06,2.031316789070585e-06,643,7.176043210056009e-07
1.6290365582593185e-06,0.0,1.2226773759498726e-06,2.0353957405687642e-06,644,7.202677543589558e-07
1.6330850509260273e-06,6.730267696397624e-06,1.2266118148813142e-06,2.0395582869707404e-06,645,7.230266431670702e-07
1.63722773627693e-06,0.0,1.230652369610788e-06,2.043803102943072e-06,646,7.258797246593785e-07
1.6414632998550948e-06,0.0,1.2347976853252282e-06,2.0481289143849612e-06,647,7.288256843789489e-07
1.6457903765605177e-06,0.0,1.2390462452264543e-06,2.0525345078945813e-06,648,7.318631572257772e-07
1.6502075517296804e-06,0.0,1.2433963630154508e-06,2.05701874044391e-06,649,7.349907285363455e-07
1.6547133622507402e-06,0.0,1.2478461752564645e-06,2.061580549245016e-06,650,7.38206935198811e-07
1.6593062977132678e-06,0.0,1.25239363363904e-06,2.0662189617874957e-06,651,7.415102668027442e-07
1.6639848015917217e-06,0.0,1.257036497158812e-06,2.070933106024631e-06,652,7.448991668226035e-07
1.6687472724615306e-06,0.0,1.261772324240495e-06,2.0757222206825663e-06,653,7.483720338338183e-07
1.6735920652467698e-06,0.0,1.266598464830527e-06,2.0805856656630125e-06,654,7.51927222760463e-07
1.6785174924984715e-06,0.0,1.2715120524900479e-06,2.0855229325068954e-06,655,7.555630461535703e-07
1.6835218257023673e-06,1.0275767342926332e-05,1.276509996523544e-06,2.0905336548811904e-06,656,7.592777754988715e-07
1.6886032966151385e-06,0.0,1.2815889741829483e-06,2.0956176190473288e-06,657,7.630696425530485e-07
1.6937600986276725e-06,0.0,1.2867454229919166e-06,2.1007747742634286e-06,658,7.66936840706988e-07
1.6989903881546807e-06,0.0,1.2919755332412923e-06,2.106005243068069e-06,659,7.708775263754019e-07
1.7042922860489563e-06,0.0,1.2972752407119016e-06,2.1113093313860108e-06,660,7.74889820411083e-07
1.709663879039439e-06,0.0,1.3026402196880973e-06,2.1166875383907807e-06,661,7.789718095429714e-07
1.7151032211917486e-06,0.0,1.308065876332044e-06,2.122140566051453e-06,662,7.831215478366864e-07
1.7206083353897458e-06,0.0,1.3135473424957e-06,2.1276693282837917e-06,663,7.873370581760895e-07
1.7261772148371678e-06,6.6669555680746165e-06,1.319079470055891e-06,2.1332749596184445e-06,664,7.916163337649167e-07
1.7318078245777316e-06,0.0,1.3246568258642959e-06,2.1389588232911667e-06,665,7.959573396468862e-07
1.7374981030326102e-06,3.4208266769747576e-06,1.33027368741338e-06,2.1447225186518403e-06,666,8.003580142431703e-07
1.7432459635537748e-06,0.0,1.3359240393255582e-06,2.1505678877819913e-06,667,8.048162709057405e-07
1.7490492959920923e-06,3.88132461846579e-06,1.3416015707815029e-06,2.1564970212026816e-06,668,8.093299994854637e-07
1.7549059682784e-06,3.6226765058560567e-06,1.3472996740091245e-06,2.1625122625476757e-06,669,8.138970679131769e-07
1.7608138280167112e-06,3.417927027257968e-06,1.353011443961975e-06,2.168616212071447e-06,670,8.185153237928938e-07
1.7667707040877247e-06,0.0,1.358729679319657e-06,2.1748117288557926e-06,671,8.231825960053128e-07
1.772774408261428e-06,3.097634336657095e-06,1.364446884946859e-06,2.181101931575997e-06,672,8.278966963204215e-07
1.7788227368173928e-06,3.1512737448476672e-06,1.3701552759491067e-06,2.187490197685679e-06,673,8.326554210177919e-07
1.7849134721712616e-06,0.0,1.375846783462582e-06,2.193980160879941e-06,674,8.374565525130664e-07
1.7910443845061189e-06,0.0,1.381513062312055e-06,2.2005757067001823e-06,675,8.422978609893292e-07
1.7972132334071429e-06,0.0,1.3871455006647022e-06,2.2072809661495833e-06,676,8.471771060317587e-07
1.803417769498361e-06,3.3317674026540858e-06,1.3927352317976008e-06,2.2141003071991214e-06,677,8.520920382643826e-07
1.8096557360797722e-06,0.0,1.3982731480829923e-06,2.221038324076552e-06,678,8.570404009871992e-07
1.8159248707636854e-06,0.0,1.4037499172775447e-06,2.228099824249826e-06,679,8.620199318125181e-07
1.8222229071086062e-06,0.0,1.4091560011795184e-06,2.235289813037694e-06,680,8.670283642988448e-07
1.8285475762494408e-06,0.0,1.4144816766911014e-06,2.2426134758077804e-06,681,8.720634295810849e-07
1.8348966085224707e-06,0.0,1.4197170592918997e-06,2.2500761577530416e-06,682,8.771228579955201e-07
1.8412677350836797e-06,7.2423620239504916e-06,1.4248521288940377e-06,2.257683341273322e-06,683,8.822043806981345e-07
1.8476586895191328e-06,3.15520119140397e-06,1.429876758010294e-06,2.2654406210279714e-06,684,8.873057312749937e-07
1.8540672094457692e-06,0.0,1.434780742123867e-06,2.2733536767676713e-06,685,8.924246473430357e-07
1.8604910381016047e-06,5.900523081371164e-06,1.439553832103849e-06,2.28142824409936e-06,686,8.975588721402768e-07
1.866927925923455e-06,0.0,1.4441857684639849e-06,2.2896700833829252e-06,687,9.027061561035326e-07
1.8733756321113675e-06,3.074633657399721e-06,1.448666317216309e-06,2.298084947006426e-06,688,9.078642584328506e-07
1.8798319261778909e-06,0.0,1.4529853070261099e-06,2.306678545329672e-06,689,9.130309486407797e-07
1.88629458948128e-06,1.03320372366622e-05,1.4571326673330347e-06,2.315456511629525e-06,690,9.182040080855742e-07
1.8927614167409697e-06,0.0,1.4610984670655196e-06,2.32442436641642e-06,691,9.233812314866696e-07
1.8992302175342855e-06,0.0,1.4648729535446381e-06,2.333587481523933e-06,692,9.285604284213909e-07
1.9056988177729996e-06,2.759442813307137e-06,1.468446591149888e-06,2.3429510443961113e-06,693,9.337394248015108e-07
1.9121650611584044e-06,2.9969730572122155e-06,1.4718100993047768e-06,2.3525200230120323e-06,694,9.389160643283209e-07
1.91862681061391e-06,3.028412566700787e-06,1.4749544893356927e-06,2.3622991318921274e-06,695,9.440882099252324e-07
1.9250819496936184e-06,1.034682559390779e-05,1.4778710997635017e-06,2.3722927996237355e-06,696,9.492537451463461e-07
1.9315283839660464e-06,0.0,1.480551629605059e-06,2.3825051383270333e-06,697,9.544105755601796e-07
1.9379640423716113e-06,0.0,1.482988169289201e-06,2.3929399154540216e-06,698,9.595566301071504e-07
1.94438687855293e-06,0.0,1.485173228831176e-06,2.403600528274684e-06,699,9.646898624298742e-07
1.9507948721565584e-06,2.839320039636908e-06,1.4870997629558111e-06,2.4144899813573055e-06,700,9.698082521749084e-07
1.957186030105517e-06,0.0,1.4887611929165804e-06,2.4256108672944535e-06,701,9.749098062652723e-07
1.963558387841271e-06,3.093293739173472e-06,1.490151424817484e-06,2.4369653508650582e-06,702,9.799925601424322e-07
1.9699100105342432e-06,3.2101595128261924e-06,1.4912648643107525e-06,2.448555156757734e-06,703,9.8505457897681e-07
1.976238994261958e-06,3.031239959017636e-06,1.4920964276097233e-06,2.4603815609141927e-06,704,9.900939588459303e-07
1.9825434671539325e-06,0.0,1.4926415488227615e-06,2.4724453854851034e-06,705,9.951088278793106e-07
1.9888215905022136e-06,0.0,1.4928961836772451e-06,2.484746997327182e-06,706,1.000097347368997e-06
1.9950715598370736e-06,8.2236391247855e-06,1.4928568097624703e-06,2.497286309911677e-06,707,1.005057712845263e-06
2.00129160596668e-06,0.0,1.4925204234721533e-06,2.510062788461207e-06,708,1.009988155116275e-06
2.0074799959802994e-06,0.0,1.4918845338737587e-06,2.5230754580868405e-06,709,1.0148869412713002e-06
2.013635034213963e-06,3.191492756907188e-06,1.490947153767645e-06,2.536322914660281e-06,710,1.019752375646369e-06
2.019755063178429e-06,0.0,1.4897067882285248e-06,2.5498033381283333e-06,711,1.0245828007522408e-06
2.0258384644481896e-06,3.013836523479293e-06,1.4881624209392126e-06,2.5635145079571666e-06,712,1.029376598163407e-06
2.0318836595113543e-06,0.0,1.486313498638522e-06,2.577453820384187e-06,713,1.0341321893679771e-06
2.0378891105797052e-06,0.0,1.4841599140061655e-06,2.591618307153245e-06,714,1.038848036577734e-06
2.043853321358477e-06,0.0,1.4817019873028747e-06,2.6060046554140794e-06,715,1.043522643497911e-06
2.049774837775268e-06,0.0,1.4789404470716603e-06,2.620609228478876e-06,716,1.0481545560561073e-06
2.0556522486678207e-06,5.756273618710192e-06,1.475876410189511e-06,2.6354280871461303e-06,717,1.0527423630900656e-06
2.0614841864301272e-06,1.122605342478825e-05,1.4725113615368386e-06,2.650457011323416e-06,718,1.057284696993778e-06
2.0672693276167995e-06,2.6320153078010303e-06,1.4688471335282318e-06,2.6656915217053673e-06,719,1.0617802343218556e-06
2.073006393505029e-06,2.6949238414522404e-06,1.4648858857207148e-06,2.681126901289343e-06,720,1.0662276963514909e-06
2.078694150614251e-06,0.0,1.4606300846887366e-06,2.696758216539766e-06,721,1.0706258496021191e-06
2.0843314111831715e-06,0.0,1.4560824843273038e-06,2.7125803380390394e-06,722,1.0749735063124443e-06
2.08991703360397e-06,0.0,1.4512461067171025e-06,2.7285879604908378e-06,723,1.079269524874649e-06
2.0954499228136627e-06,2.806355834694416e-06,1.4461242236598375e-06,2.7447756219674877e-06,724,1.0835128102257467e-06
2.100929030642548e-06,0.0,1.440720338967652e-06,2.7611377223174438e-06,725,1.0877023141960374e-06
2.1063533561197523e-06,0.0,1.4350381715676945e-06,2.7776685406718097e-06,726,1.0918370358146473e-06
2.1117219457357395e-06,4.510833895308057e-06,1.429081639463025e-06,2.7943622520084544e-06,727,1.0959160215720405e-06
2.117033893662156e-06,0.0,1.4228548445731631e-06,2.811212942751149e-06,728,1.0999383656398622e-06
2.122288341928912e-06,2.4504938970449494e-06,1.4163620584617775e-06,2.8282146253960467e-06,729,1.1039032100480242e-06
